"SpurIT": contact@spur-i-t.com
*instinctools: jobs@instinctools.ru
//CODEMASTER: info@codemaster.by
12devs: jobs@12devs.com
1PT: hr@1pt.com
3Seven Studio: 3seven@tut.by
5digital: info@5digital.by
5media: info@5media.by
5NICE: s.lomako@5n.by
69pixels: hello@69pixels.com
7Version: info@7version.com
A-SITE.by: andrey_seo1990@mail.ru
a1qa: job@a1qa.com
Abiatec: info@abiatec.com
ABKonDevelop: info@abkon-develop.by
Acantek Solutions Ltd.: natallia.zhavarankava@acantek.com
ACD/Labs: job_minsk@acdlabs.ru
Acobby Ltd: sergey@acobby.com
ActivePlatform: vera.kudravets@activeplatform.com
Adaptive Studio: info@adaptive.by
Adepta: info@adepta.by
Admitad: a.guliaeva@admitad.com
Aetsoft: o.bozhko@aetsoft.by
Affise: join@affise.com
AGENTE: job@agentestudio.com
Aheadworks: sobolkova@aheadworks.com
Aiolane: info@aiolane.com
AIS Novations: hr@aisnovations.com
Aisconverse: info@aisconverse.com
AKDev Group: s.mehovich@akdev.by
Akvelon: akvelonru@gmail.com
Akveo: hr@akveo.com
Aligned Code: hello@alignedcode.com
Almus: hr.minsk@almusmedia.com
AlphaByte: info@alphabyte.pro
Alseda Consulting: support.banka@alseda.by
Altoros Development: cv@altoros.com
Alverden Systems: info@alverden.com
AMG: job@upsales.ru
Anadea: jobs@anadea.info
Anakreon: info@anakreon.by
Andersen: v.sharnikova@andersenlab.com
Antalika: sales@antalika.com
Anventa Technologies: info@anventa.com
Anveo Ventures: ichukhryaev@anveo.com
Apalon: hr@apalon.com
APoint: info@apoint.by
APOSTROFSOFT: info@apostrofsoft.com
AppAgg: appagg@appagg.com
Applied Systems: info@appsys.net
Appolo: yaroslavna@firebirdtours.com
Appservice: olga.b@upservice.io
Appstud: skvasov@appstud.com
APRO software: info@apro-software.com
ArasCorp Development Center: jobs.by@aras.com
Arateg: ilya.rubl@arateg.by
Arcom Group: support@arcom.group
Arcom Group ltd.: support@arcom.group
Aristek Systems: support@aristeksystems.com
Ariteta: info@ariteta.by
Armada Labs: contact@armadalabs.com
Artcroix: info@artcroix.by
ArtisMedia: info@artismedia.by
ARTOX Lab: e.proshkina@artox.com
ASoft: NOSPAMsergey@asoft.co
ASPsoft.by: hello@ASPsoft.by
Assistent.By: info@assistent.by
AST: AST.vacancy@tut.by
Astronim: info@astronim.com
ASWardag: searsameer@yahoo.com
Atevi Systems: info@atevi.by
ATOMICHRONICA: contact@atomichronica.com
Aurius Studio: info@aurius.by
Avanta: nsmozhevskaya@avanta.co
Aventus IT: hr@aventusgroup.com
Awagro Style: info@awagro.by
Axamit: hr@axamit.com
AXIOMA: info@axioma.lv
AxxonSoft: minsk@axxonsoft.com
Azati: resume@azati.com
BA Solutions: info@basolutions.com
Bamboo Apps: hr@bambooapps.eu
Bamboo Group: contact@bamboogroup.eu
Bank&amp;Soft Innovation: hr@basi.by
Baseline marketing: dasha@bl.agency
BearDev: cv@beardev.com
BeatDev: contact@beatdev.by
BelaBios IOOO: info@belabios.com
BELHARD: info@belhard.com
BelitSoft: hrm@belitsoft.com
BelPrime: jobs@belprime.com
Beltechsoft (Белтехсофт): sales@beltechsoft.com
BelVG: info@belvg.com
BESK: besk_hello@besk.com
Big Data Technologies: hello@bdtech.by
Binitex: ssemeshchenko@binitex.com
bitnet: info@bitnet.by
BKsoft: minsksoftwarejobs@tut.by
Bobaka: info@bobaka.ru
BookYourStudy: rbserg@gmail.com
Bostil Support: office@bostil-support.com
BrainForce: info@brainforce.pro
Brainkeeper: info@brainkeeper.by
Brimit: info@brimit.com
BSL: hr@bsl.dev
BuzzGuru: pavelbeinia@gmail.com
CactusSoft: info@cactussoft.biz
Capsilon: sasha.kosobutsky@capsilon.com
Caspel: info@caspel.by
Cedon BLR: hr@cedoni.com
Centaurea: contact@centaurea.io
CETC: info@cetc.by
ChainArtSoft: pm@chainartsoft.com
CIB software: info@cib.by
Ciklum: minsk@ciklum.com
CleverLabs: ruslan.yemchyk@cleverlabs.io
Clevertec: hr@clevertec.ru
Clickmedia: info@clickmedia.by
CloudCall BY: infoby@cloudcall.com
Cluster Systems: direct@alpsweb.by
Code Inspiration: info@codeinspiration.pro
CodeCave: info@codecave.pro
Coding Staff: support@codingstaff.by
Cogniteq: hr@cogniteq.com
Cognitive Technologies: hr@cognitive.ru
Collab IT: info@collab-it.com
ComplITech: o.semeniuk@complitech.org
Concept Soft: job@concept-soft.com
ConnectOne: mail@connectone.me
Consensuslab: support@coppay.io
CoolHeads Digital: info@coolheads.by
Coral Team: info@coral.team
Corpitech: info@corpitech.by
Cortlex: cv@cortlex.com
Cotvec: hr@cotvec.com
Craft: evgeniya.lubas@craft.co
Crears Systems: info@crears.ru
CreativeIT: hello@creativeit.io
Credentially: igor@drfocused.com
Crossix Solutions: infoby@crossix.veeva.com
CTDEV: jobs@ctdev.by
Cuspy Software: info@cuspy.io
Custodesk: Inbox@it.custodesk.com
Cyberport: office@cyberport.by
Cygno Solutions: ikountsevich@cygno.com
D8 Corporation: d8belarus@d8corp.com
DashBouquet Development: contact@dashbouquet.com
DataMola: info@datamola.com
DataRobot: careers@datarobot.com
datarockets: hello@datarockets.com
Daymare Web Studio: info@daymare.by
Dektry: hello@dektry.com
Delium: Minsk@del.by
Dev Team: apoklyak@dev-team.com
Devicepros: info@devicepros.net
DEVXED: nadias@devxed.com
Digesta Digital: ds@dda.by
Digital Forest: contact@digiforest.io
Digital Top: sales@digital-top.com
Digitalizm: hello@digitalizm.com
DigiTech7: christina.benediktovich@digitech7.by
Digiteum: hello@digiteum.com
Distillery: z.gasanova@distillery.com
Dizzain: hr@dizzain.com
Dream Support: nikita@dreamsupport.io
Dual Lab: ekaterina.bondar@duallab.com
DYNEVO: contact@dynevo.org
DZENSOFT: info@dzensoft.com
EasyProjects.NET: alexandra.nesterova@logicsoftware.net
Efectura: yalkin@efectura.com
EffectiveSoft Ltd.: hrm@effectivesoft.com
Efir Media: info@efirmedia.com
Egorov Agency: welcome@egorovagency.by
Eightydays.me: aleh@ontourcloud.com
EIS Group: minsk@eisgroup.com
ElateSoftware: hr@elatesoftware.com
Elinext: careers@elinext.com
Ellipsoit Plus Ltd: egrudnitskiy.ellipsoit@gmail.com
ElmoSoft: info@elmosoft.net
ELTEAM GROUP: liza.glazina@elteam-group.com
Emerline: info@emerline.com
Enable IT: r.gneiding@enable-it.online
EPAM: info@epam.com
Epicmax: andrei@epicmax.co
Epol Soft: job@epolsoft.com
Espectro: info@espectro.org
ETNA: job-mogilev@etnasoft.com
EVOKE Systems: hr@evoke.by
Evolution Gaming: atarasyuk@evolutiongaming.com
eWave: careers@ewave.com
Exadel: job-minsk@exadel.com
Expert Soft: hcm@expert-soft.by
Exposit: hr@exposit.com
ExtBel: info@extbel.com
Extrit.by: office@extrit.com
Factory 16: info@factory16.by
GERSIS SOFTWARE: info@gersis-software.com
getbob digital agency: contact@getbobagency.com
GICSOFT: i.golovaty@gicsoft-europe.com
Globant: belarus@globant.com
Godel Technologies Europe: job@godeltech.com
GoodSoft: sales@good-soft.com
Goozix: hi@goozix.com
GP Solutions: jobs@gpsolutions.com
Green Moon: info@greenmoon.by
Gresbi: hello@gresbi.com
Grinteq: mika@grinteq.com
GRIZZLY DIGITAL COMPANY: info@grizzly.by
Gusarov Group: info@gusarov.by
HA – Interactive brand studio: info@hainteractive.com
Hackspace: v.barodzich@hackspace.by
HardCode: olga.sbrodava@gmail.com
HardSoft Robotics: hr@hardsoftrobotics.com
Heapix Development: contact@heapix.com
helenova: dev@dev.by
HF-Solution: yuri.gers@hf-solution.com
HiQo Solutions: rabota@hiqo-solutions.com
Humans: team.minsk@humans.net
humansee labs: info@humanseelabs.com
Hytex Solutions Ltd: byqdes@gmail.com
ib.by: koltun@ib.by
IBA Gomel: resume@gomel.iba.by
IBA Group: resume@iba.by
iCode: hr@icode.by
ID Finance: hrminsk@idfinance.com
IdeaSoft: hr@i-deasoft.com
IDT Belarus: minsk-hr@idt.net
iFuture: hr@ifuture.by
IGIES: mailbox@igies.com
Ihighload: info@ihighload.info
IHS Markit: jobminsk@ihsmarkit.com
iKantam: support@ikantam.com
ilavista: mail@ilavista.by
INDI: hello@indi.by
InGrid Lab: ⋯
inNativeLife / ShaurmaLab: innativelife@gmail.com
InSales: hello@insales.by
Inspectorio: ⋯
intelex: contact@intelex.by
INTELICO: connect@intelico.su
Intellect IT: support@intellectit.by
Intellectsoft: anna.rybchenko@intellectsoft.net
InterDelight: admin@dumki.by
InterTech Solution: info@intertechsolution.com
Intervale: ydeshkovich@intervale.ru
Intetics: job@intetics.com
IntexSoft: job@intexsoft.by
Invatechs Software: info@invatechs.com
IPOS.BY: info@ipos.by
IQClash: hr@iqclash.com
ISsoft: job@issoft.by
IT Band Systems: info@it-band.by
IT Partner: ki@it-partner.ru
it_wave: contact@it-wave.by
ITB / Информационные технологии бизнеса: info@itb.by
iTechArt Group: careers@itechart-group.com
Itexus Soft: jobs@itexus.com
ITHub: hello@ithub.pro
itictory: hr@itictory.com
ITM House: contact@itmhouse.com
ITMEDIA: andrey@itmedia.by
ITOS: info@itosweb.com
itpro: danila@irpro.by
Itransition: hh@itransition.com
ITRex Group: yulia.adamchik@itrexgroup.com
ITS Partner: hr@itspartner.net
ITSupportMe: yshuchalina@itsupportme.com
ITzone: info@itzone.by
Ivelum: job@ivelum.com
JayDevs: yulia.zaitseva@jaydevs.com
Jazz Pixels: info@jazzpixels.com
JETWEB: kaplevsky@gmail.com
Jordan Traffic: hello@jordantraff.com
Just Studio: info@just-studio.by
Kairus: info@thekairus.com
Kakadu Dev: info@kakadu.bz
Kaseya: aleksey.shafransky@kaseya.com
Key Group: ekaterina.h@key-g.com
KeySequences: aleks@keysequences.com
Kibernetiko: hello@kibernetiko.com
Kitkard: kitkardinfo@gmail.com
Klika Tech: info@klika-tech.com
Komspek: alena@komspek.com
Kontur: minsk-jobs@kontur.io
KVITKI BY: info@kvitki.by
Labinvent: info@labinvent.com
Lamanteam: info@lamanteam.by
Lansoft: ⋯
Lepshey: info@lepshey.ru
LeverX: careers@leverx.com
lifetech: info@lifetech.by
Light Well Organization: kuznetsova_o@lwo.by
Lightpoint Global: hr@lightpointglobal.com
Lime-Express: limexpress.by@gmail.com
LINKOR: hr@link-or.net
Litussoft: info@litussoft.com
LLC AG Software: info@agsoftware.by
LLSOFT: hr@llsoft.by
Logic Way: job@logic-way.com
Lotasoft: info@lotasoft.com
LOVATA: info@lovata.com
Lyte: sasha@lyte.com
MADCODERS: office@madcoders.by
Magedia: contact@magedia.com
Mainsoft: hr@mainsoft.org
Maksis Digital Agency: info@maksis.by
Malanka: i@malanka.pro
Manao: hr@manao-team.com
Manufact: sdt@manufact.pro
Marccoon Digital: info@fullstack.by
Master-M: info@master-m.by
Masterstroke LTD: info.mstroke@gmail.com
Maxbitsolution: t.ventsko@jetmail.cc
MAXI.BY media: media@maxi.by
MBicycle: mbicycle.admin@mbicycle.com
MecaSoft: 4taniakonanevich@tut.by
mediacube: info@mediacube.network
MEG Analytics: info@meg-analytics.com
Megarost Group: admin@megarost.by
MegaSOFT: pepsikola@bk.ru
METAGILE: metagile@gmail.com
Metatag Digital: hello@metatag.by
Mifort: hr@mifort.org
Millcom: info@millcom.by
Mitrix Technology: info@mitrix.io
Molimo: timur.tazhbayev@gmail.com
monostack: oleg.romeyko@gmail.com
Mraid.io: alex@mraid.io
Mühlemann &amp; Popp Online Media AG: marina.krishkevich@muehlemann-popp.ch
Myagi: dev@myagi.com
MyNetDiary Inc: drachev@mynetdiary.com
NaStarte.by: top@nastarte.by
NeatTech: nastassia@neattech.io
Netcracker: HumanResourceMinskGroup@netcracker.com
Next Network: info@nextnetwork.by
Nezaboodka Software: contact@nezaboodka.com
Nineseven: nine@nineseven.ru
Nitka Technologies: igor.romanov@nitka.com
Nord-Soft: contact@nord-soft.com
Novacom: info@novacom.by
NSITE STUDIO: box@nsite.by
Ocean Development: alex@oceandev.io
OCSICO: HR@ocsico.com
Offsiteteam: hr@offsiteteam.com
Olimpia: webolimpia@gmail.com
OMERTEX: contact@omertex.com
Omicron Soft: info@omicronsoftcompany.com
On The Spot Development: elena.savchak@onthespotdev.com
Onilab: talkto@onilab.com
Onix: info@onix.by
OOO "ЮВР": si@uvr.su
OOO NORTH IT GROUP: viktoriya.harlan@northitgroup.com
Orangesoft: hr@orangesoft.by
Orion Soft: info@orionsoft.net
Ormedia: info@ormedia.by
